书名,作者,出版年,评分,评价人数,标签,豆瓣链接,爬取标签
大众文化的女性主义指南,[韩] 孙希定 [韩] 林允玉 [韩] 金智惠 编、[韩] 崔至恩 等著、崔至恩,2024,8.5,7591,想读;在读;读过;纸质版 40.66元;加入购书单;购书单;删除,https://book.douban.com/subject/36930643/,女性主义
明亮的夜晚,[韩]崔恩荣,2023,9.0,68915,想读;在读;读过;纸质版 23.00元;加入购书单;购书单;删除;去看电子版,https://book.douban.com/subject/36457094/,女性主义
妇女一直在工作,[美] 爱丽丝·凯斯勒-哈里斯（Alice Kessler-Harris）,2025,8.7,143,想读;在读;读过;纸质版 31.99元;加入购书单;购书单;删除,https://book.douban.com/subject/37305158/,女性主义
性权利：21世纪的女性主义,[英] 埃米娅·斯里尼瓦桑,2024,8.7,1726,想读;在读;读过;纸质版 55.08元;加入购书单;购书单;删除,https://book.douban.com/subject/36590157/,女性主义
一间只属于自己的房间,[英] 弗吉尼亚·伍尔夫,2019,9.2,58393,想读;在读;读过;纸质版 61.61元;加入购书单;购书单;删除;去看电子版,https://book.douban.com/subject/34835082/,女性主义
性别打结,[美] 艾伦·约翰逊,2024,8.9,2058,想读;在读;读过;纸质版 66.00元;加入购书单;购书单;删除;去看电子版,https://book.douban.com/subject/36971687/,女性主义
看不见的女性,卡罗琳·克里亚多·佩雷斯,2022,9.1,22878,想读;在读;读过;纸质版 35.99元;加入购书单;购书单;删除;去看电子版,https://book.douban.com/subject/35942057/,女性主义
语言恶女,[美] 阿曼达·蒙特尔,2024,8.8,6199,想读;在读;读过;纸质版 37.20元;加入购书单;购书单;删除,https://book.douban.com/subject/36849451/,女性主义
从零开始的女性主义,[日本] 上野千鹤子、田房永子,2021,8.7,78851,想读;在读;读过;纸质版 31.20元;加入购书单;购书单;删除;去看电子版,https://book.douban.com/subject/35523099/,女性主义
一个阿富汗女人的来信,[阿富汗] 哈迪亚·海达里,2025,8.0,3587,想读;在读;读过;纸质版 28.00元;加入购书单;购书单;删除,https://book.douban.com/subject/37433812/,女性主义
厌女,[日] 上野千鹤子,2023,9.0,19666,想读;在读;读过;纸质版 21.39元;加入购书单;购书单;删除;去看电子版,https://book.douban.com/subject/36314870/,女性主义
即使以最微弱的光,[韩] 崔恩荣,2025,8.7,4802,想读;在读;读过;纸质版 26.00元;加入购书单;购书单;删除;去看电子版,https://book.douban.com/subject/37286972/,女性主义
跑外卖,王晚,2025,8.3,3880,想读;在读;读过;纸质版 29.00元;加入购书单;购书单;删除,https://book.douban.com/subject/37462151/,女性主义
黄油,[日] 柚木麻子,2025,7.5,3231,想读;在读;读过;纸质版 39.00元;加入购书单;购书单;删除;去看电子版,https://book.douban.com/subject/37496215/,女性主义
她对此感到厌烦,妚鹤,2023,9.0,29094,想读;在读;读过;纸质版 27.40元;加入购书单;购书单;删除;去看电子版,https://book.douban.com/subject/36392723/,女性主义
脂粉帝国,薛静,2024,8.1,943,想读;在读;读过;纸质版 28.00元;加入购书单;购书单;删除,https://book.douban.com/subject/36904158/,女性主义
女性的崛起,王政,2025,9.3,118,想读;在读;读过;纸质版 29.00元;加入购书单;购书单;删除,https://book.douban.com/subject/37527420/,女性主义
我才不想做家务,纪静蓉,2025,9.2,4255,想读;在读;读过;纸质版 29.90元;加入购书单;购书单;删除,https://book.douban.com/subject/37436726/,女性主义
写给所有人的女性主义,[美]贝尔·胡克斯,2024,8.1,221,想读;在读;读过;纸质版 26.00元;加入购书单;购书单;删除,https://book.douban.com/subject/36971782/,女性主义
女神、娼妓、妻子与女奴,[美] 萨拉·波默罗伊,2025,8.5,605,想读;在读;读过;纸质版 39.79元;加入购书单;购书单;删除,https://book.douban.com/subject/37403759/,女性主义
素食者,[韩] 韩江,2021,8.1,150495,想读;在读;读过;纸质版 35.80元;加入购书单;购书单;删除;去看电子版,https://book.douban.com/subject/35534519/,女性主义
凯列班与女巫,[意]西尔维娅·费代里奇,2023,9.0,6927,想读;在读;读过;纸质版 33.80元;加入购书单;购书单;删除;去看电子版,https://book.douban.com/subject/36374149/,女性主义
这是可以说的吗,[韩] 崔至恩,2025,6.9,382,想读;在读;读过;纸质版 35.80元;加入购书单;购书单;删除;去看电子版,https://book.douban.com/subject/37505238/,女性主义
她对此感到厌烦2,妚鹤,2025,9.0,3662,想读;在读;读过;纸质版 28.10元;加入购书单;购书单;删除,https://book.douban.com/subject/37253398/,女性主义
使女的故事,[加拿大] 玛格丽特·阿特伍德,2020,8.8,11802,想读;在读;读过;纸质版 32.99元;加入购书单;购书单;删除;去看电子版,https://book.douban.com/subject/35114057/,女性主义
浮出历史地表,孟悦、戴锦华,2018,9.5,5137,想读;在读;读过;纸质版 47.50元;加入购书单;购书单;删除,https://book.douban.com/subject/30147095/,女性主义
第二性,[法] 西蒙娜·德·波伏瓦,2025,9.5,564,想读;在读;读过;纸质版 78.00元;加入购书单;购书单;删除,https://book.douban.com/subject/37417431/,女性主义
当我生的是男孩,[法] 奥蕾莉亚·勃朗,2025,8.0,866,想读;在读;读过;纸质版 48.70元;加入购书单;购书单;删除;去看电子版,https://book.douban.com/subject/37136880/,女性主义
始于极限,[日] 上野千鹤子、[日] 铃木凉美,2022,9.0,85340,想读;在读;读过;纸质版 31.99元;加入购书单;购书单;删除;去看电子版,https://book.douban.com/subject/35966120/,女性主义
单女的选择,未来家,2025,8.9,81,想读;在读;读过;加入购书单;购书单;删除,https://book.douban.com/subject/38197848/,女性主义
形而上的动物,[爱尔兰] 克莱尔·麦卡尔、[英] 瑞秋·威斯曼,2025,8.7,70,想读;在读;读过;纸质版 57.20元;加入购书单;购书单;删除,https://book.douban.com/subject/37462263/,女性主义
她来劈开这山,病鹤斋、群白 绘,2025,8.1,14214,想读;在读;读过;纸质版 28.00元;加入购书单;购书单;删除;去看电子版,https://book.douban.com/subject/36899918/,女性主义
我的天才女友,[意] 埃莱娜·费兰特,2017,8.8,138740,想读;在读;读过;纸质版 21.00元;加入购书单;购书单;删除;去看电子版,https://book.douban.com/subject/26878124/,女性主义
服美役,[意]毛拉·甘奇塔诺,2024,7.7,6694,想读;在读;读过;纸质版 35.88元;加入购书单;购书单;删除,https://book.douban.com/subject/36698279/,女性主义
如何抑止女性写作,乔安娜·拉斯,2020,8.9,9091,想读;在读;读过;纸质版 29.40元;加入购书单;购书单;删除;去看电子版,https://book.douban.com/subject/35229199/,女性主义
好骨头,[加] 玛格丽特·阿特伍德,2023,8.1,4707,想读;在读;读过;纸质版 19.95元;加入购书单;购书单;删除;去看电子版,https://book.douban.com/subject/36161297/,女性主义
我是寨子里长大的女孩,扎十一惹,2025,8.8,6380,想读;在读;读过;纸质版 38.50元;加入购书单;购书单;删除;去看电子版,https://book.douban.com/subject/37399110/,女性主义
她要自己去买花,[英] 弗吉尼亚·伍尔夫、Virginia Woolf,2025,8.0,1163,想读;在读;读过;纸质版 26.36元;加入购书单;购书单;删除;去看电子版,https://book.douban.com/subject/37324421/,女性主义
我本芬芳,杨本芬,2022,8.2,52691,想读;在读;读过;纸质版 39.80元;加入购书单;购书单;删除,https://book.douban.com/subject/35695541/,女性主义
父权制与资本主义,[日] 上野千鹤子,2020,9.2,21955,想读;在读;读过;纸质版 33.51元;加入购书单;购书单;删除;去看电子版,https://book.douban.com/subject/34896921/,女性主义
生活的代价,[英]德博拉·利维,2023,8.6,3985,想读;在读;读过;纸质版 24.50元;加入购书单;购书单;删除;去看电子版,https://book.douban.com/subject/36402128/,女性主义
流俗地,【马来西亚】黎紫书,2021,9.2,42559,想读;在读;读过;纸质版 27.50元;加入购书单;购书单;删除,https://book.douban.com/subject/35430425/,女性主义
女性主义有什么用？,[英]塔比·杰克逊·吉、[英]弗雷亚·罗斯,2021,8.6,9198,想读;在读;读过;纸质版 25.99元;加入购书单;购书单;删除;去看电子版,https://book.douban.com/subject/35518116/,女性主义
你为什么不离开我的生活？,[美] 薇薇安·戈尔尼克,2025,8.7,1608,想读;在读;读过;纸质版 20.90元;加入购书单;购书单;删除,https://book.douban.com/subject/37045755/,女性主义
紫颜色,[美] 艾丽斯·沃克,2023,8.8,9957,想读;在读;读过;纸质版 49.80元;加入购书单;购书单;删除;去看电子版,https://book.douban.com/subject/36181310/,女性主义
米德尔马契,[英] 乔治·艾略特,2025,9.3,414,想读;在读;读过;纸质版 56.64元;加入购书单;购书单;删除;去看电子版,https://book.douban.com/subject/37491358/,女性主义
黄色墙纸,[美] 夏洛特·珀金斯·吉尔曼,2025,8.6,2648,想读;在读;读过;纸质版 24.00元;加入购书单;购书单;删除,https://book.douban.com/subject/37138375/,女性主义
制造误诊,[美] 玛丽克·比格,2025,8.3,278,想读;在读;读过;纸质版 47.40元;加入购书单;购书单;删除,https://book.douban.com/subject/37255853/,女性主义
东京八平米,[日]吉井忍,2022,8.4,49471,想读;在读;读过;纸质版 38.80元;加入购书单;购书单;删除;去看电子版,https://book.douban.com/subject/36096287/,女性主义
命若朝霜,柯岚,2025,7.7,2348,想读;在读;读过;纸质版 55.30元;加入购书单;购书单;删除,https://book.douban.com/subject/37134066/,女性主义
初步举证,[澳] 苏茜·米勒,2025,8.6,2925,想读;在读;读过;纸质版 24.90元;加入购书单;购书单;删除,https://book.douban.com/subject/37254350/,女性主义
过一种女性主义的生活,[英]萨拉·艾哈迈德,2023,8.5,627,想读;在读;读过;纸质版 58.50元;加入购书单;购书单;删除,https://book.douban.com/subject/36494081/,女性主义
橘子不是唯一的水果,[英] 珍妮特·温特森,2010,7.5,29593,想读;在读;读过;纸质版 25.00元;加入购书单;购书单;删除,https://book.douban.com/subject/4882159/,女性主义
钟形罩,[美国] 西尔维娅·普拉斯,2014,8.6,4996,想读;在读;读过;纸质版 85.39元;加入购书单;购书单;删除;去看电子版,https://book.douban.com/subject/24887681/,女性主义
波伏瓦访谈录,[法] 西蒙娜·德·波伏瓦、[德] 爱丽丝·施瓦泽,2024,8.6,4420,想读;在读;读过;纸质版 24.90元;加入购书单;购书单;删除,https://book.douban.com/subject/36781568/,女性主义
隐秘的角落,[英] 劳拉·贝茨,2025,8.8,515,想读;在读;读过;纸质版 31.99元;加入购书单;购书单;删除,https://book.douban.com/subject/37119419/,女性主义
自己的房子,[英]德博拉·利维,2023,8.4,2824,想读;在读;读过;纸质版 28.00元;加入购书单;购书单;删除;去看电子版,https://book.douban.com/subject/36443489/,女性主义
失踪的孩子,[意] 埃莱娜·费兰特,2018,9.2,100273,想读;在读;读过;纸质版 39.00元;加入购书单;购书单;删除;去看电子版,https://book.douban.com/subject/30172069/,女性主义
莉莉亚娜不可战胜的夏天,[墨西哥] 克里斯蒂娜·里韦拉·加尔萨,2024,8.4,2823,想读;在读;读过;纸质版 34.00元;加入购书单;购书单;删除,https://book.douban.com/subject/37009820/,女性主义
她的病痛，总被当作幻觉,【美】伊丽莎白·科曼,2025,8.3,127,想读;在读;读过;纸质版 41.40元;加入购书单;购书单;删除,https://book.douban.com/subject/37506652/,女性主义
性别麻烦,[美] 朱迪斯·巴特勒,2024,9.0,637,想读;在读;读过;纸质版 35.40元;加入购书单;购书单;删除,https://book.douban.com/subject/36679037/,女性主义
女性的奥秘,[美] 贝蒂·弗里丹,2025,9.0,41,想读;在读;读过;纸质版 39.00元;加入购书单;购书单;删除,https://book.douban.com/subject/37374589/,女性主义
少女中国,[日] 滨田麻矢,2025,8.6,1660,想读;在读;读过;纸质版 25.00元;加入购书单;购书单;删除,https://book.douban.com/subject/37199767/,女性主义
女性的权利,[英] 玛丽·沃斯通克拉夫特,2025,9.2,901,想读;在读;读过;纸质版 19.90元;加入购书单;购书单;删除;去看电子版,https://book.douban.com/subject/37483805/,女性主义
奥兰多,[英] 弗吉尼亚·伍尔夫,2022,8.9,3627,想读;在读;读过;纸质版 39.99元;加入购书单;购书单;删除;去看电子版,https://book.douban.com/subject/36062384/,女性主义
无薪主妇,[日]上野千鹤子,2023,8.2,3927,想读;在读;读过;纸质版 26.22元;加入购书单;购书单;删除;去看电子版,https://book.douban.com/subject/36455938/,女性主义
油炸绿番茄,[美] 范妮·弗拉格,2024,8.7,14753,想读;在读;读过;纸质版 29.50元;加入购书单;购书单;删除,https://book.douban.com/subject/36473837/,女性主义
女性主义,李银河,2018,9.1,7774,想读;在读;读过;纸质版 18.20元;加入购书单;购书单;删除,https://book.douban.com/subject/30276984/,女性主义
她弥留之际,(法) 西蒙娜·德·波伏瓦,2025,8.7,3289,想读;在读;读过;纸质版 28.80元;加入购书单;购书单;删除;去看电子版,https://book.douban.com/subject/37109832/,女性主义
身体由我,[德] 路易莎·施托默尔 绘、[德国] 希拉·德利兹,2022,8.5,10481,想读;在读;读过;纸质版 39.36元;加入购书单;购书单;删除,https://book.douban.com/subject/35643334/,女性主义
乐园之丘,[荷]米尼克•希珀,2022,8.3,3635,想读;在读;读过;纸质版 47.60元;加入购书单;购书单;删除,https://book.douban.com/subject/35742540/,女性主义
基层女性,王慧玲,2021,7.5,26949,想读;在读;读过;纸质版 27.80元;加入购书单;购书单;删除;去看电子版,https://book.douban.com/subject/35532047/,女性主义
女性主义全球史,[英]露西·德拉普,2023,9.0,757,想读;在读;读过;纸质版 47.99元;加入购书单;购书单;删除,https://book.douban.com/subject/36170532/,女性主义
白日尽头,[德] 燕妮·埃彭贝克,2023,8.9,3063,想读;在读;读过;纸质版 44.80元;加入购书单;购书单;删除,https://book.douban.com/subject/36537692/,女性主义
为什么它永无止境,柯遥42,2024,9.2,777,想读;在读;读过;纸质版 28.40元;加入购书单;购书单;删除,https://book.douban.com/subject/37059425/,女性主义
82年生的金智英,[韩] 赵南柱,2021,8.6,2457,想读;在读;读过;纸质版 32.16元;加入购书单;购书单;删除;去看电子版,https://book.douban.com/subject/35653386/,女性主义
面纱下的女性,[埃及] 纳瓦勒·萨达维,2024,8.9,646,想读;在读;读过;纸质版 79.00元;加入购书单;购书单;删除,https://book.douban.com/subject/36706389/,女性主义
去他的父权制,[法] 玛蒂尔德·拉雷尔,2023,9.0,2804,想读;在读;读过;纸质版 44.85元;加入购书单;购书单;删除;去看电子版,https://book.douban.com/subject/36387845/,女性主义
你的夏天还好吗？,[韩国] 金爱烂,2022,8.7,37392,想读;在读;读过;纸质版 28.80元;加入购书单;购书单;删除;去看电子版,https://book.douban.com/subject/36109174/,女性主义
一直在场,[英] 雅典娜·唐纳德,2025,8.1,232,想读;在读;读过;纸质版 50.99元;加入购书单;购书单;删除;去看电子版,https://book.douban.com/subject/37562563/,女性主义
阁楼上的疯女人,[美] S.M.吉尔伯特、[美] 苏珊·古芭,2015,8.8,2744,想读;在读;读过;纸质版 66.74元;加入购书单;购书单;删除;去看电子版,https://book.douban.com/subject/25986620/,女性主义
游牧主体,[意] 罗西·布拉伊多蒂,2025,8.4,218,想读;在读;读过;纸质版 58.50元;加入购书单;购书单;删除,https://book.douban.com/subject/37143591/,女性主义
林门郑氏,[马来西亚] 林雪虹,2025,7.9,6571,想读;在读;读过;纸质版 33.32元;加入购书单;购书单;删除;去看电子版,https://book.douban.com/subject/37353424/,女性主义
我无惧声名狼藉,[爱尔兰] 埃德娜·奥布莱恩,2025,7.8,253,想读;在读;读过;纸质版 40.00元;加入购书单;购书单;删除;去看电子版,https://book.douban.com/subject/37364901/,女性主义
焚舟纪,[英] 安吉拉·卡特,2019,8.6,4611,想读;在读;读过;纸质版 66.00元;加入购书单;购书单;删除;去看电子版,https://book.douban.com/subject/30259677/,女性主义
82年生的金智英,[韩]赵南柱,2019,8.1,99981,想读;在读;读过;纸质版 30.15元;加入购书单;购书单;删除;去看电子版,https://book.douban.com/subject/34434309/,女性主义
成为波伏瓦,[英] 凯特·柯克帕特里克,2021,9.0,21047,想读;在读;读过;纸质版 56.94元;加入购书单;购书单;删除;去看电子版,https://book.douban.com/subject/35317169/,女性主义
以爱为名的支配,[日]田岛阳子,2024,8.2,1335,想读;在读;读过;纸质版 37.52元;加入购书单;购书单;删除;去看电子版,https://book.douban.com/subject/37009711/,女性主义
恶女书架,[日] 铃木凉美,2025,7.3,1242,想读;在读;读过;纸质版 40.30元;加入购书单;购书单;删除,https://book.douban.com/subject/36524103/,女性主义
证言,[加拿大] 玛格丽特·阿特伍德,2020,9.1,8381,想读;在读;读过;纸质版 37.99元;加入购书单;购书单;删除;去看电子版,https://book.douban.com/subject/35081845/,女性主义
恶女的告白,[日] 叶真中显,2024,8.4,41875,想读;在读;读过;纸质版 31.30元;加入购书单;购书单;删除;去看电子版,https://book.douban.com/subject/36743030/,女性主义
父权,[英]安吉拉·萨伊尼,2025,8.6,95,想读;在读;读过;纸质版 37.99元;加入购书单;购书单;删除;去看电子版,https://book.douban.com/subject/37348626/,女性主义
厌女,上野千鹤子,2015,9.1,95007,想读;在读;读过;纸质版 21.66元;加入购书单;购书单;删除,https://book.douban.com/subject/25836270/,女性主义
现代世界女性史,[美] 邦尼·G. 史密斯,2025,8.1,26,想读;在读;读过;纸质版 89.64元;加入购书单;购书单;删除,https://book.douban.com/subject/37645002/,女性主义
亲爱的安吉维拉,(尼日利亚) 奇玛曼达·恩戈兹·阿迪契,2019,8.8,10369,想读;在读;读过;纸质版 24.50元;加入购书单;购书单;删除,https://book.douban.com/subject/30370304/,女性主义
拥有快乐的秘密,[美] 艾丽斯·沃克,2025,9.0,682,想读;在读;读过;纸质版 39.00元;加入购书单;购书单;删除;去看电子版,https://book.douban.com/subject/37072719/,女性主义
你当像鸟飞往你的山,塔拉·韦斯特弗,2019,8.7,224199,想读;在读;读过;纸质版 34.80元;加入购书单;购书单;删除,https://book.douban.com/subject/33440205/,女性主义
地球尽头的温室,金草叶,2023,8.3,5362,想读;在读;读过;纸质版 34.36元;加入购书单;购书单;删除;去看电子版,https://book.douban.com/subject/36351326/,女性主义
第二性Ⅰ,[法] 西蒙娜·德·波伏瓦,2011,8.8,13689,想读;在读;读过;纸质版 28.35元;加入购书单;购书单;删除;去看电子版,https://book.douban.com/subject/4745949/,女性主义
女性主义不是什么,[加] 卡萝尔·海,2025,8.4,124,想读;在读;读过;纸质版 31.99元;加入购书单;购书单;删除;去看电子版,https://book.douban.com/subject/37453927/,女性主义
为女权辩护,[英] 玛丽.沃斯通克拉夫特,2016,8.8,911,想读;在读;读过;加入购书单;购书单;删除,https://book.douban.com/subject/27192066/,女性主义
我，厌男,[法]波利娜·阿尔芒热,2023,8.5,9698,想读;在读;读过;纸质版 27.99元;加入购书单;购书单;删除;去看电子版,https://book.douban.com/subject/36472055/,女性主义
为了活下去的思想,[日]上野千鹤子,2022,8.8,3912,想读;在读;读过;纸质版 34.80元;加入购书单;购书单;删除,https://book.douban.com/subject/36127030/,女性主义
父权制应激障碍,【美】瓦莱丽·雷因 (Valerie Rein)、瓦莱丽·莱因,2024,7.8,417,想读;在读;读过;纸质版 29.90元;加入购书单;购书单;删除,https://book.douban.com/subject/36717271/,女性主义
工厂日记,[法]西蒙娜·薇依,2023,8.8,2169,想读;在读;读过;纸质版 39.44元;加入购书单;购书单;删除;去看电子版,https://book.douban.com/subject/36255848/,女性主义
成为母亲的承诺,凯瑟琳· 爱丁、凯瑟琳·爱丁、玛丽亚·凯法拉斯,2025,8.1,133,想读;在读;读过;纸质版 53.04元;加入购书单;购书单;删除,https://book.douban.com/subject/37467588/,女性主义
芭芭雅嘎下了个蛋,[荷] 杜布拉夫卡·乌格雷西奇,2024,8.9,3975,想读;在读;读过;纸质版 47.60元;加入购书单;购书单;删除;去看电子版,https://book.douban.com/subject/36897062/,女性主义
圣母,[日] 秋吉理香子,2019,8.1,79609,想读;在读;读过;纸质版 23.99元;加入购书单;购书单;删除;去看电子版,https://book.douban.com/subject/30475757/,女性主义
年轻男人,[法]安妮·埃尔诺,2023,8.2,4228,想读;在读;读过;纸质版 24.48元;加入购书单;购书单;删除,https://book.douban.com/subject/36331622/,女性主义
我不想知道的事,[英]德博拉·利维,2023,8.2,3272,想读;在读;读过;纸质版 24.50元;加入购书单;购书单;删除;去看电子版,https://book.douban.com/subject/36402011/,女性主义
如果我们无法以光速前行,[韩] 金草叶,2022,8.5,11395,想读;在读;读过;纸质版 21.00元;加入购书单;购书单;删除;去看电子版,https://book.douban.com/subject/35802914/,女性主义
她厌男，她是我女友,[韩] 闵智炯,2023,7.2,14409,想读;在读;读过;纸质版 32.16元;加入购书单;购书单;删除;去看电子版,https://book.douban.com/subject/36256156/,女性主义
女性卫生用品的社会史,[日] 田中光,2025,7.8,1266,想读;在读;读过;纸质版 29.00元;加入购书单;购书单;删除;去看电子版,https://book.douban.com/subject/37119422/,女性主义
我看见的世界,[美] 李飞飞,2024,8.8,11645,想读;在读;读过;纸质版 51.85元;加入购书单;购书单;删除;去看电子版,https://book.douban.com/subject/36672955/,女性主义
亲密陷阱,[英]瑞秋·奥尼尔,2025,9.0,134,想读;在读;读过;纸质版 34.50元;加入购书单;购书单;删除;去看电子版,https://book.douban.com/subject/37832889/,女性主义
女性、艺术与社会,[美] 惠特尼·查德威克,2025,9.2,188,想读;在读;读过;纸质版 121.00元;加入购书单;购书单;删除,https://book.douban.com/subject/37303362/,女性主义
田岛老师救了我！,[日] 田岛阳子、[日] 阿尔特西亚,2025,8.3,94,想读;在读;读过;纸质版 29.99元;加入购书单;购书单;删除;去看电子版,https://book.douban.com/subject/37205544/,女性主义
绝叫,[日] 叶真中显,2020,8.9,148979,想读;在读;读过;纸质版 29.00元;加入购书单;购书单;删除;去看电子版,https://book.douban.com/subject/35031587/,女性主义
同意,[法] 瓦内莎·斯普林格拉,2023,8.7,16118,想读;在读;读过;纸质版 24.50元;加入购书单;购书单;删除;去看电子版,https://book.douban.com/subject/35947066/,女性主义
献灯使,[日] 多和田叶子,2025,7.7,5932,想读;在读;读过;纸质版 32.50元;加入购书单;购书单;删除,https://book.douban.com/subject/36831351/,女性主义
女孩之城,[美]伊丽莎白·吉尔伯特,2020,8.7,7634,想读;在读;读过;纸质版 41.30元;加入购书单;购书单;删除;去看电子版,https://book.douban.com/subject/35059158/,女性主义
乳房故事集,[印度] 玛哈丝维塔·黛维,2024,7.9,334,想读;在读;读过;纸质版 24.99元;加入购书单;购书单;删除;去看电子版,https://book.douban.com/subject/36945326/,女性主义
爱说教的男人,[美]丽贝卡·索尔尼特,2020,7.5,3844,想读;在读;读过;纸质版 21.00元;加入购书单;购书单;删除,https://book.douban.com/subject/30438861/,女性主义
父权制与资本积累,[德]玛丽亚·米斯,2023,9.3,1225,想读;在读;读过;纸质版 73.50元;加入购书单;购书单;删除,https://book.douban.com/subject/36402158/,女性主义
异见时刻,[美] 伊琳·卡蒙、[美] 莎娜·卡尼兹尼克,2018,8.4,11192,想读;在读;读过;纸质版 38.99元;加入购书单;购书单;删除;去看电子版,https://book.douban.com/subject/30258976/,女性主义
与达洛维夫人共度一天,张秋子,2024,9.0,706,想读;在读;读过;纸质版 34.00元;加入购书单;购书单;删除;去看电子版,https://book.douban.com/subject/36981920/,女性主义
暗处的女儿,[意大利] 埃莱娜·费兰特,2024,8.7,14327,想读;在读;读过;纸质版 22.50元;加入购书单;购书单;删除;去看电子版,https://book.douban.com/subject/36721763/,女性主义
身体，再来,[韩] 金草叶、昼温、[韩] 金青橘、程婧波、[韩] 千先兰、王侃瑜,2025,7.8,401,想读;在读;读过;纸质版 32.99元;加入购书单;购书单;删除,https://book.douban.com/subject/37388858/,女性主义
看不见的女人,[英] 安·奥克利,2020,7.4,837,想读;在读;读过;纸质版 21.55元;加入购书单;购书单;删除,https://book.douban.com/subject/35077364/,女性主义
她的实验室,[美] 丽塔·考威尔、[美] 莎朗·伯奇·麦格瑞,2024,8.5,168,想读;在读;读过;纸质版 36.16元;加入购书单;购书单;删除,https://book.douban.com/subject/37032191/,女性主义
更年期，不是忍忍就好,[美] 珍西·唐恩,2025,8.2,335,想读;在读;读过;纸质版 43.10元;加入购书单;购书单;删除,https://book.douban.com/subject/37182810/,女性主义
我要快乐！,[澳] 塔比瑟·卡万,2024,8.2,737,想读;在读;读过;纸质版 31.90元;加入购书单;购书单;删除,https://book.douban.com/subject/36556621/,女性主义
是谁把世界糟蹋成这样,[日] 上野千鹤子,2025,8.2,626,想读;在读;读过;纸质版 26.99元;加入购书单;购书单;删除;去看电子版,https://book.douban.com/subject/37432309/,女性主义
如雪如山,张天翼,2022,8.4,28164,想读;在读;读过;纸质版 41.99元;加入购书单;购书单;删除;去看电子版,https://book.douban.com/subject/35875393/,女性主义
暮色将尽,[英] 戴安娜·阿西尔,2022,7.8,32354,想读;在读;读过;纸质版 32.00元;加入购书单;购书单;删除;去看电子版,https://book.douban.com/subject/36020007/,女性主义
达洛维夫人,[英国]   弗吉尼亚·伍尔夫,2021,8.8,996,想读;在读;读过;纸质版 27.60元;加入购书单;购书单;删除,https://book.douban.com/subject/35687757/,女性主义
无尽与有限,荞麦,2024,7.6,2285,想读;在读;读过;纸质版 29.00元;加入购书单;购书单;删除,https://book.douban.com/subject/37038075/,女性主义
史学的性别,李小江,2024,8.1,63,想读;在读;读过;纸质版 48.00元;加入购书单;购书单;删除,https://book.douban.com/subject/37059418/,女性主义
战争中没有女性,[白俄] S. A. 阿列克谢耶维奇,2021,9.1,4540,想读;在读;读过;纸质版 48.30元;加入购书单;购书单;删除;去看电子版,https://book.douban.com/subject/35045641/,女性主义
青春手记,[法] 西蒙娜·德·波伏瓦,2024,8.8,385,想读;在读;读过;纸质版 130.99元;加入购书单;购书单;删除;去看电子版,https://book.douban.com/subject/37092950/,女性主义
女性文学与性别政治的变迁,贺桂梅,2014,9.1,621,想读;在读;读过;纸质版 137.36元;加入购书单;购书单;删除,https://book.douban.com/subject/25851840/,女性主义
离开的，留下的,[意] 埃莱娜·费兰特,2017,8.9,91558,想读;在读;读过;纸质版 31.00元;加入购书单;购书单;删除;去看电子版,https://book.douban.com/subject/27104959/,女性主义
一间自己的房间,[英]伍尔夫,2023,8.9,523,想读;在读;读过;纸质版 22.50元;加入购书单;购书单;删除;去看电子版,https://book.douban.com/subject/36315142/,女性主义
她们的创作日常,[美] 梅森·柯瑞（Mason Currey）,2025,7.5,174,想读;在读;读过;纸质版 34.00元;加入购书单;购书单;删除,https://book.douban.com/subject/37270990/,女性主义
别名格蕾丝,[加拿大] 玛格丽特·阿特伍德,2016,8.8,3014,想读;在读;读过;纸质版 31.99元;加入购书单;购书单;删除;去看电子版,https://book.douban.com/subject/26270322/,女性主义
母女关系的精神分析,[日] 斋藤环,2025,7.3,936,想读;在读;读过;纸质版 32.64元;加入购书单;购书单;删除,https://book.douban.com/subject/37324416/,女性主义
允许爱情消失,杜素娟,2025,8.4,1428,想读;在读;读过;纸质版 23.41元;加入购书单;购书单;删除;去看电子版,https://book.douban.com/subject/37361635/,女性主义
我需要女性主义吗？,[德] 朱莉安娜·福里塞,2024,8.7,807,想读;在读;读过;纸质版 19.50元;加入购书单;购书单;删除,https://book.douban.com/subject/36971686/,女性主义
我们去往何方,[日本]上野千鹤子,2024,7.6,519,想读;在读;读过;纸质版 40.07元;加入购书单;购书单;删除;去看电子版,https://book.douban.com/subject/36929195/,女性主义
简爱,[英] 夏洛蒂·勃朗特,2007,8.5,46627,想读;在读;读过;纸质版 13.50元;加入购书单;购书单;删除,https://book.douban.com/subject/2253379/,女性主义
消失的父亲,纪静蓉,2024,8.2,554,想读;在读;读过;纸质版 34.86元;加入购书单;购书单;删除;去看电子版,https://book.douban.com/subject/37022746/,女性主义
巴比松大饭店,[美] 保利娜·布伦,2024,7.7,557,想读;在读;读过;纸质版 44.00元;加入购书单;购书单;删除;去看电子版,https://book.douban.com/subject/36711021/,女性主义
对我无害之人,[韩] 崔恩荣,2023,8.2,9722,想读;在读;读过;纸质版 35.88元;加入购书单;购书单;删除;去看电子版,https://book.douban.com/subject/36489654/,女性主义
漫长的余生,罗新,2022,8.1,18201,想读;在读;读过;纸质版 29.90元;加入购书单;购书单;删除;去看电子版,https://book.douban.com/subject/35909188/,女性主义
年龄是一种感觉,[加] 海莉·麦克吉,2025,8.1,5168,想读;在读;读过;纸质版 29.50元;加入购书单;购书单;删除;去看电子版,https://book.douban.com/subject/37270798/,女性主义
“娜拉”在中国,许慧琦,2024,9.0,953,想读;在读;读过;纸质版 35.88元;加入购书单;购书单;删除;去看电子版,https://book.douban.com/subject/36897630/,女性主义
一个规矩女孩的回忆,[法] 西蒙娜·德·波伏瓦、[法] 西蒙娜·德·波伏娃,2023,8.8,1642,想读;在读;读过;纸质版 37.99元;加入购书单;购书单;删除;去看电子版,https://book.douban.com/subject/36096281/,女性主义
向前一步,[美]谢丽尔•桑德伯格（Sheryl Sandberg）,2013,8.1,21512,想读;在读;读过;纸质版 27.53元;加入购书单;购书单;删除;去看电子版,https://book.douban.com/subject/24753751/,女性主义
相助,[美] 凯瑟琳·斯多克特,2020,9.3,524,想读;在读;读过;纸质版 44.90元;加入购书单;购书单;删除,https://book.douban.com/subject/34902740/,女性主义
我，你，我们,[法] 露西·伊利格瑞,2024,7.4,149,想读;在读;读过;纸质版 39.00元;加入购书单;购书单;删除,https://book.douban.com/subject/36887032/,女性主义
女性的思想,[日]上野千鹤子,2022,8.4,1602,想读;在读;读过;纸质版 36.99元;加入购书单;购书单;删除;去看电子版,https://book.douban.com/subject/36089289/,女性主义
献给爱与子宫的花束,[日本] 铃木凉美,2023,7.5,3238,想读;在读;读过;纸质版 32.45元;加入购书单;购书单;删除,https://book.douban.com/subject/36285832/,女性主义
女生怎样活？,[日本] 上野千鹤子,2022,8.2,2598,想读;在读;读过;纸质版 39.69元;加入购书单;购书单;删除,https://book.douban.com/subject/36089715/,女性主义
谁在害怕性别,[美] 朱迪斯·巴特勒,2025,7.1,174,想读;在读;读过;纸质版 34.50元;加入购书单;购书单;删除;去看电子版,https://book.douban.com/subject/37378680/,性别研究
Ace,Angela Chen,2020,9.1,460,想读;在读;读过;加入购书单;购书单;删除,https://book.douban.com/subject/35250630/,性别研究
东京贫困女子,[日]中村淳彦,2021,8.3,23912,想读;在读;读过;纸质版 29.50元;加入购书单;购书单;删除,https://book.douban.com/subject/34933208/,性别研究
中华帝国晚期的性、法律与社会,[美]苏成捷（Matthew H. Sommer）,2023,9.1,2639,想读;在读;读过;纸质版 68.60元;加入购书单;购书单;删除,https://book.douban.com/subject/36197606/,性别研究
Desiring China,Lisa Rofel,2007,7.7,145,想读;在读;读过;加入购书单;购书单;删除,https://book.douban.com/subject/2252536/,性别研究
The Second Sex,Simone de Beauvoir,2011,9.2,204,想读;在读;读过;纸质版 115.92元;加入购书单;购书单;删除,https://book.douban.com/subject/6829838/,性别研究
道德浪女,珍妮．W．哈帝(Janet W. Hardy)、朵思．伊斯頓(Dossie Easton),2019,7.7,717,想读;在读;读过;加入购书单;购书单;删除,https://book.douban.com/subject/30410452/,性别研究
女性主义视角的社会学导论,[英]帕美拉·阿博特（Pamela Abbott）、[英]克莱尔·威莱丝（Claire Wallace）、[英]麦丽莎·泰勒（Melissa Tyler）,2022,8.3,152,想读;在读;读过;纸质版 89.60元;加入购书单;购书单;删除,https://book.douban.com/subject/36029816/,性别研究
破繭而出,許慧琦,2025,0.0,10,想读;在读;读过;加入购书单;购书单;删除,https://book.douban.com/subject/37245516/,性别研究
透过性别看世界,沈奕斐,2019,8.0,504,想读;在读;读过;纸质版 56.25元;加入购书单;购书单;删除,https://book.douban.com/subject/34800379/,性别研究
Introduction to Women's and Gender Studies,Melissa J. Gillis、Andrew T. Jacobs,2019,0.0,,想读;在读;读过;加入购书单;购书单;删除,https://book.douban.com/subject/35904854/,性别研究
"Dude, You're a Fag","Pascoe, C. J.",2011,9.2,36,想读;在读;读过;加入购书单;购书单;删除,https://book.douban.com/subject/10835637/,性别研究
智慧妻子,約蘭德．斯特蘭格斯（Yolande Strengers）、珍妮．甘迺迪,2023,0.0,,想读;在读;读过;纸质版 120.00元;加入购书单;购书单;删除,https://book.douban.com/subject/36580040/,性别研究
独立与归属,杭苏红,2022,7.8,164,想读;在读;读过;纸质版 31.80元;加入购书单;购书单;删除,https://book.douban.com/subject/35886315/,性别研究
唐代女道士的生命之旅,贾晋华,2021,8.3,256,想读;在读;读过;纸质版 40.10元;加入购书单;购书单;删除,https://book.douban.com/subject/35556930/,性别研究
〈少女〉像の誕生,渡部周子,2007,0.0,10,想读;在读;读过;加入购书单;购书单;删除,https://book.douban.com/subject/34803328/,性别研究
中国的妇女与财产,白凯,2007,8.6,94,想读;在读;读过;纸质版 37.60元;加入购书单;购书单;删除,https://book.douban.com/subject/2005773/,性别研究
酷兒新聲,何春蕤（编）、酷兒新聲編委會 主編,2009,7.3,38,想读;在读;读过;加入购书单;购书单;删除,https://book.douban.com/subject/5940466/,性别研究
意指与承认,四川大学出版社,2025,0.0,,想读;在读;读过;纸质版 21.50元;加入购书单;购书单;删除,https://book.douban.com/subject/37504844/,性别研究
性／別惑亂,朱迪斯．巴特勒（Judith Butler）,2023,0.0,10,想读;在读;读过;加入购书单;购书单;删除,https://book.douban.com/subject/36527888/,性别研究
爱的终结,[法]伊娃·易洛思,2023,8.7,1987,想读;在读;读过;纸质版 30.67元;加入购书单;购书单;删除;去看电子版,https://book.douban.com/subject/36509145/,性别研究
别再问我什么是女性主义,[日] 山口真由,2025,7.5,88,想读;在读;读过;纸质版 31.45元;加入购书单;购书单;删除;去看电子版,https://book.douban.com/subject/37567250/,性别研究
何谓“性资本”,[以] 达娜·卡普兰、[法] 伊娃·易洛思,2025,6.4,500,想读;在读;读过;纸质版 24.90元;加入购书单;购书单;删除;去看电子版,https://book.douban.com/subject/37014952/,性别研究
How to Think Like a Woman,Regan Penaluna,2024,0.0,,想读;在读;读过;纸质版 110.00元;加入购书单;购书单;删除,https://book.douban.com/subject/38232546/,性别研究
开场：女性学者访谈,新京报书评周刊,2022,8.8,5033,想读;在读;读过;纸质版 53.99元;加入购书单;购书单;删除;去看电子版,https://book.douban.com/subject/36134999/,性别研究
闺蜜,[美]玛丽莲·亚隆、特蕾莎·多诺万·布朗,2020,6.6,295,想读;在读;读过;纸质版 54.60元;加入购书单;购书单;删除,https://book.douban.com/subject/35006323/,性别研究
钟形罩,[美] 西尔维娅·普拉斯,2025,8.2,1071,想读;在读;读过;纸质版 33.12元;加入购书单;购书单;删除;去看电子版,https://book.douban.com/subject/36732236/,性别研究
"Sex, or the Unbearable",Lauren Berlant、Lee Edelman,2014,,14,想读;在读;读过;加入购书单;购书单;删除,https://book.douban.com/subject/25801709/,性别研究
ジェンダー格差,牧野百恵,2023,0.0,10,想读;在读;读过;加入购书单;购书单;删除,https://book.douban.com/subject/36722546/,性别研究
男公關：男性氣質研究,方剛,2009,8.3,44,想读;在读;读过;加入购书单;购书单;删除,https://book.douban.com/subject/5288413/,性别研究
A Short History of Trans Misogyny,Jules Gill-Peterson,2024,,18,想读;在读;读过;加入购书单;购书单;删除,https://book.douban.com/subject/36721065/,性别研究
"Detransition, Baby",Torrey Peters,2021,7.8,58,想读;在读;读过;加入购书单;购书单;删除,https://book.douban.com/subject/35346074/,性别研究
美丽的标价,[美]阿什利·米尔斯,2018,7.9,1172,想读;在读;读过;纸质版 48.16元;加入购书单;购书单;删除,https://book.douban.com/subject/30261591/,性别研究
Burying Autumn,Hu Ying,2016,0.0,10,想读;在读;读过;加入购书单;购书单;删除,https://book.douban.com/subject/26651050/,性别研究
性别社会学（第三版）,佟新,2022,9.6,38,想读;在读;读过;纸质版 48.50元;加入购书单;购书单;删除,https://book.douban.com/subject/36202771/,性别研究
此性非一,(法) 露西·伊利格瑞,2005,9.1,120,想读;在读;读过;加入购书单;购书单;删除,https://book.douban.com/subject/1347895/,性别研究
安提戈涅的诉求,[美] 朱迪斯·巴特勒,2017,7.7,486,想读;在读;读过;纸质版 33.00元;加入购书单;购书单;删除,https://book.douban.com/subject/26997217/,性别研究
愛的百種名字,黛安·艾克曼,2012,0.0,10,想读;在读;读过;加入购书单;购书单;删除,https://book.douban.com/subject/11622001/,性别研究
厌女简史,[爱尔兰] 杰克·霍兰,2024,8.8,438,想读;在读;读过;纸质版 40.80元;加入购书单;购书单;删除,https://book.douban.com/subject/36864728/,性别研究
女性世界,(巴西) 玛娜·阿马拉尔 (Marina Amaral)、(英) 丹·琼斯 (Dan Jones)、[西班牙] 玛丽娜·马约拉尔,2024,0.0,10,想读;在读;读过;纸质版 208.60元;加入购书单;购书单;删除,https://book.douban.com/subject/36915852/,性别研究
"Men, Women, and Chain Saws",Carol J. Clover、卡罗尔·克洛弗,2015,0.0,10,想读;在读;读过;纸质版 191.00元;加入购书单;购书单;删除,https://book.douban.com/subject/30233236/,性别研究
革命之路,[美] 理查德·耶茨,2019,9.1,3269,想读;在读;读过;纸质版 42.34元;加入购书单;购书单;删除;去看电子版,https://book.douban.com/subject/34461224/,性别研究
影子母亲,[美]卡梅隆·林·麦克唐纳,2024,8.2,137,想读;在读;读过;纸质版 61.41元;加入购书单;购书单;删除,https://book.douban.com/subject/36603520/,性别研究
The Portable Feminist Reader,Roxane Gay (Editor),2025,0.0,10,想读;在读;读过;加入购书单;购书单;删除,https://book.douban.com/subject/37183206/,性别研究
神圣的欢爱,理安·艾斯勒 (Riane Eisler),2009,8.7,221,想读;在读;读过;纸质版 59.63元;加入购书单;购书单;删除,https://book.douban.com/subject/3527925/,性别研究
性別、術數與世界想像,李貞德、水口拓壽、藍弘岳,2025,0.0,10,想读;在读;读过;加入购书单;购书单;删除,https://book.douban.com/subject/38195126/,性别研究
中国的性/性别,何成洲、[美] 王玲珍  主编,2016,7.4,28,想读;在读;读过;纸质版 31.90元;加入购书单;购书单;删除,https://book.douban.com/subject/26815397/,性别研究
男性困境,(美) 詹姆斯·霍利斯、james hollis,2024,6.7,607,想读;在读;读过;纸质版 34.09元;加入购书单;购书单;删除,https://book.douban.com/subject/36905110/,性别研究
现代性的性别,[美] 芮塔·菲尔斯基,2020,9.0,1615,想读;在读;读过;纸质版 34.99元;加入购书单;购书单;删除;去看电子版,https://book.douban.com/subject/34997254/,性别研究
缠足,【美】高彦颐,2022,8.0,892,想读;在读;读过;纸质版 45.99元;加入购书单;购书单;删除;去看电子版,https://book.douban.com/subject/35862003/,性别研究
"Sex, Gender and Society",Ann Oakley、安·奥克利,2015,0.0,10,想读;在读;读过;加入购书单;购书单;删除,https://book.douban.com/subject/26853788/,性别研究
国家、组织与妇女,揭爱花,2012,8.8,22,想读;在读;读过;纸质版 31.50元;加入购书单;购书单;删除,https://book.douban.com/subject/21371921/,性别研究
劳作的女人,[美]程为坤 著,2015,7.9,169,想读;在读;读过;纸质版 31.90元;加入购书单;购书单;删除,https://book.douban.com/subject/26568375/,性别研究
特洛伊的海伦,[英] 贝塔妮·休斯,2023,8.0,510,想读;在读;读过;纸质版 53.80元;加入购书单;购书单;删除;去看电子版,https://book.douban.com/subject/36624422/,性别研究
情为何物,吴存存,2025,8.1,413,想读;在读;读过;纸质版 48.40元;加入购书单;购书单;删除,https://book.douban.com/subject/37292083/,性别研究
关于女儿,[韩] 金惠珍,2022,8.4,17148,想读;在读;读过;纸质版 23.10元;加入购书单;购书单;删除,https://book.douban.com/subject/36035671/,性别研究
Leftover Women in China,Qian Liu,2025,0.0,10,想读;在读;读过;加入购书单;购书单;删除,https://book.douban.com/subject/37255924/,性别研究
被創造的疾病,許維安,2023,8.0,41,想读;在读;读过;加入购书单;购书单;删除,https://book.douban.com/subject/36309200/,性别研究
清代男风问题研究（1800-1898）,董笑寒,2022,5.9,166,想读;在读;读过;纸质版 62.30元;加入购书单;购书单;删除,https://book.douban.com/subject/36028666/,性别研究
“节”与“殉”,定宜庄,2025,8.6,48,想读;在读;读过;纸质版 41.04元;加入购书单;购书单;删除;去看电子版,https://book.douban.com/subject/37536827/,性别研究
知晓我姓名,[美]香奈儿·米勒,2020,9.1,10303,想读;在读;读过;纸质版 40.12元;加入购书单;购书单;删除;去看电子版,https://book.douban.com/subject/35093999/,性别研究
黑暗年代的女哲學家,沃弗朗.艾倫伯格(Wolfram Eilenberger),2022,0.0,10,想读;在读;读过;纸质版 86.20元;加入购书单;购书单;删除,https://book.douban.com/subject/35671662/,性别研究
才女之累,[美] 艾朗诺,2017,9.1,3476,想读;在读;读过;纸质版 58.50元;加入购书单;购书单;删除;去看电子版,https://book.douban.com/subject/27011516/,性别研究
没有男人的女人们  没有女人的男人们,沙赫尔努希·帕尔西普尔,2021,8.4,87,想读;在读;读过;纸质版 39.00元;加入购书单;购书单;删除,https://book.douban.com/subject/35323597/,性别研究
天女临凡,[美] 马克梦、Keith McMahon,2021,6.2,780,想读;在读;读过;纸质版 36.00元;加入购书单;购书单;删除;去看电子版,https://book.douban.com/subject/35380301/,性别研究
弃夫潜逃,[美] 马钊,2025,8.1,1068,想读;在读;读过;纸质版 56.89元;加入购书单;购书单;删除;去看电子版,https://book.douban.com/subject/37233083/,性别研究
从骑士精神到恐怖主义,（美）里奥·布劳迪,2007,7.9,74,想读;在读;读过;纸质版 22.33元;加入购书单;购书单;删除,https://book.douban.com/subject/2246521/,性别研究
Androphilia,Jack Donovan,2007,0.0,,想读;在读;读过;加入购书单;购书单;删除,https://book.douban.com/subject/2891721/,性别研究
父性,(意)鲁伊基·肇嘉Luigi Zoja,2006,8.3,76,想读;在读;读过;纸质版 23.70元;加入购书单;购书单;删除,https://book.douban.com/subject/1927799/,性别研究
文学与性,陶慕宁，岳立松等、陶慕宁,2021,0.0,10,想读;在读;读过;纸质版 57.20元;加入购书单;购书单;删除,https://book.douban.com/subject/35589528/,性别研究
女性史,[法] 乔治·杜比 等主编,2024,9.0,43,想读;在读;读过;纸质版 70.99元;加入购书单;购书单;删除,https://book.douban.com/subject/36997635/,性别研究
“女界”之兴起,秦方,2019,8.9,70,想读;在读;读过;纸质版 25.92元;加入购书单;购书单;删除,https://book.douban.com/subject/34845303/,性别研究
女人的中国医疗史,李贞德,2024,8.7,65,想读;在读;读过;加入购书单;购书单;删除,https://book.douban.com/subject/35358167/,性别研究
她是幸存者,[美]格蕾丝·赵,2024,8.4,2465,想读;在读;读过;纸质版 29.00元;加入购书单;购书单;删除;去看电子版,https://book.douban.com/subject/36839197/,性别研究
Bitch,Lucy Cooke、露西·库克,2022,,25,想读;在读;读过;加入购书单;购书单;删除,https://book.douban.com/subject/35817490/,性别研究
革新男性气质,伊凡·雅布隆卡,2025,8.1,151,想读;在读;读过;纸质版 44.00元;加入购书单;购书单;删除;去看电子版,https://book.douban.com/subject/37322294/,性别研究
Gender and Relatability in Digital Culture,Akane Kanai,2019,0.0,10,想读;在读;读过;纸质版 898.00元;加入购书单;购书单;删除,https://book.douban.com/subject/32490145/,性别研究
"The Courtesan's Memory, Voice, and Late Ming Drama",Peng Xu,2025,0.0,10,想读;在读;读过;加入购书单;购书单;删除,https://book.douban.com/subject/37221312/,性别研究
Chinese Labour Migration in the Digital Media Context,Hong Chen,2025,0.0,10,想读;在读;读过;加入购书单;购书单;删除,https://book.douban.com/subject/38388268/,性别研究
The Straight State,Margot Canaday,2009,,11,想读;在读;读过;加入购书单;购书单;删除,https://book.douban.com/subject/4362675/,性别研究
怪女人和一座城,[美] 薇薇安·戈尔尼克,2025,8.4,984,想读;在读;读过;纸质版 21.60元;加入购书单;购书单;删除,https://book.douban.com/subject/37021156/,性别研究
重讀中國女性生命故事,曼素恩（Susan Mann）、賀蕭（Gail Hershatter）、錢南秀、盧葦菁、季家珍、胡纓、姚平、柏文莉（Beverly Bossler）、柯麗德（Katherine Carlitz）、伊沛霞（Patricia Ebrey）、王安（Ann Waltner）、伊維德（Wilt Idema）、魏愛蓮（Ellen Widmer）、游鑑明、贺萧、曼素恩、钱南秀、卢苇菁、胡缨、柏文莉、柯丽德、王安、伊维德、魏爱莲,2011,7.8,29,想读;在读;读过;加入购书单;购书单;删除,https://book.douban.com/subject/6538785/,性别研究
情感与制度,郑雅如,2021,8.1,106,想读;在读;读过;纸质版 33.99元;加入购书单;购书单;删除;去看电子版,https://book.douban.com/subject/35626914/,性别研究
香蕉、沙滩与基地,辛西娅·恩洛,2021,8.1,595,想读;在读;读过;纸质版 66.00元;加入购书单;购书单;删除,https://book.douban.com/subject/35528125/,性别研究
男装革命,[英] 杰伊•麦考利•鲍斯特德,2020,8.1,111,想读;在读;读过;纸质版 55.60元;加入购书单;购书单;删除,https://book.douban.com/subject/35238496/,性别研究
女权主义的未来,[英] 西尔维亚·沃尔拜,2016,6.8,67,想读;在读;读过;纸质版 33.63元;加入购书单;购书单;删除,https://book.douban.com/subject/26535576/,性别研究
身体·性·性感,黄盈盈,2008,7.2,120,想读;在读;读过;纸质版 142.00元;加入购书单;购书单;删除,https://book.douban.com/subject/3033314/,性别研究
男性统治,[法] 皮埃尔·布尔迪厄（Pierre Bourdieu）,2017,8.4,1572,想读;在读;读过;纸质版 23.40元;加入购书单;购书单;删除;去看电子版,https://book.douban.com/subject/26921060/,性别研究
酷儿理论与批评实践,杨洁,2011,6.9,90,想读;在读;读过;纸质版 20.50元;加入购书单;购书单;删除,https://book.douban.com/subject/6520288/,性别研究
中国北方村落的社会性别与权力,【加】朱爱岚,2021,6.0,81,想读;在读;读过;纸质版 35.99元;加入购书单;购书单;删除,https://book.douban.com/subject/1038434/,性别研究
女性与人类发展,玛莎·C.努斯鲍姆,2020,8.2,102,想读;在读;读过;纸质版 56.94元;加入购书单;购书单;删除,https://book.douban.com/subject/35136597/,性别研究
Finding Women in the State,Wang Zheng、王政,2016,8.6,91,想读;在读;读过;加入购书单;购书单;删除,https://book.douban.com/subject/26773161/,性别研究
中国古代文学中的同性恋书写研究,施晔,2008,8.0,314,想读;在读;读过;纸质版 37.60元;加入购书单;购书单;删除,https://book.douban.com/subject/3319478/,性别研究
閨蜜,瑪莉蓮.亞隆(Marilyn Yalom)、德雷莎.布朗(Theresa Donovan Brown)、玛丽莲·亚隆,2018,6.8,33,想读;在读;读过;加入购书单;购书单;删除,https://book.douban.com/subject/30368138/,性别研究
当爱冲昏头,[德] 哈洛德·柯依瑟尔、[德] 欧依根·舒拉克,2013,7.5,240,想读;在读;读过;纸质版 61.74元;加入购书单;购书单;删除,https://book.douban.com/subject/24872433/,性别研究
女性史,[法]乔治·杜比 等主编,2022,8.9,151,想读;在读;读过;纸质版 74.99元;加入购书单;购书单;删除,https://book.douban.com/subject/36170495/,性别研究
小说之家,[美] 魏爱莲（Ellen Widmer）、魏爱莲,2020,6.8,78,想读;在读;读过;纸质版 52.50元;加入购书单;购书单;删除,https://book.douban.com/subject/35062220/,性别研究
她身之欲,丁瑜,2016,7.6,4699,想读;在读;读过;纸质版 55.85元;加入购书单;购书单;删除,https://book.douban.com/subject/26804793/,性别研究
性社会学,潘绥铭 黄盈盈,2011,7.9,154,想读;在读;读过;纸质版 23.70元;加入购书单;购书单;删除,https://book.douban.com/subject/6129139/,性别研究
古希腊人的性与情,利希特,2008,8.2,135,想读;在读;读过;纸质版 39.56元;加入购书单;购书单;删除,https://book.douban.com/subject/2363003/,性别研究
她们的声音,游鉴明,2020,7.4,77,想读;在读;读过;纸质版 37.10元;加入购书单;购书单;删除,https://book.douban.com/subject/34894703/,性别研究
唐代妇女的生命历程,(美) 姚平、姚平,2020,7.3,175,想读;在读;读过;纸质版 58.50元;加入购书单;购书单;删除,https://book.douban.com/subject/35045197/,性别研究
第二輪班,亞莉.霍希爾德(Arlie Hochschild)、阿莉·拉塞尔·霍赫希尔德,2017,8.8,29,想读;在读;读过;加入购书单;购书单;删除,https://book.douban.com/subject/27093942/,性别研究
看不见的性别,J.M.阿多瓦西奥、奥尔加·索弗、杰克·佩奇,2010,7.3,185,想读;在读;读过;纸质版 25.60元;加入购书单;购书单;删除,https://book.douban.com/subject/4246950/,性别研究
性别支配是一种装置,江原由美子,2005,8.4,41,想读;在读;读过;纸质版 56.92元;加入购书单;购书单;删除,https://book.douban.com/subject/1283615/,性别研究
阅读浪漫小说,[美国]珍妮斯•A. 拉德威,2020,8.7,6878,想读;在读;读过;纸质版 34.50元;加入购书单;购书单;删除;去看电子版,https://book.douban.com/subject/35032242/,女权
武则天,蒙曼,2021,8.1,5298,想读;在读;读过;纸质版 37.95元;加入购书单;购书单;删除;去看电子版,https://book.douban.com/subject/35475912/,女权
性别、政治与民主,［澳］李木兰,2021,7.7,183,想读;在读;读过;纸质版 24.00元;加入购书单;购书单;删除;去看电子版,https://book.douban.com/subject/25834995/,女权
女朋友们,李萌,2025,8.1,252,想读;在读;读过;纸质版 25.30元;加入购书单;购书单;删除,https://book.douban.com/subject/37832464/,女权
危险的愉悦,【美】贺萧,2012,8.7,1757,想读;在读;读过;纸质版 43.30元;加入购书单;购书单;删除,https://book.douban.com/subject/1464575/,女权
圣杯与剑,理安·艾斯勒 (Riane Eisler),2009,9.0,1285,想读;在读;读过;纸质版 27.93元;加入购书单;购书单;删除,https://book.douban.com/subject/3528067/,女权
我不知道这该怎么念,[加]苏万康·塔玛冯萨,2024,7.8,1222,想读;在读;读过;纸质版 24.50元;加入购书单;购书单;删除;去看电子版,https://book.douban.com/subject/36826870/,女权
亞洲第一,尤美女、陳昭如,2023,0.0,10,想读;在读;读过;加入购书单;购书单;删除,https://book.douban.com/subject/36610472/,女权
我的痛苦有名字嗎？,河美娜（하미나）,2023,9.2,1779,想读;在读;读过;纸质版 242.00元;加入购书单;购书单;删除,https://book.douban.com/subject/36291952/,女权
卢克明的偷偷一笑,余华,2025,5.3,6368,想读;在读;读过;纸质版 35.20元;加入购书单;购书单;删除,https://book.douban.com/subject/37816598/,女权
未经删节,[英] 戴安娜·阿西尔,2024,7.7,2165,想读;在读;读过;纸质版 29.00元;加入购书单;购书单;删除;去看电子版,https://book.douban.com/subject/36631037/,女权
运动场内外,游鉴明,2025,7.8,211,想读;在读;读过;纸质版 62.30元;加入购书单;购书单;删除,https://book.douban.com/subject/36975762/,女权
玩偶之家,[挪威] 亨里克·易卜生,2022,9.1,1732,想读;在读;读过;纸质版 43.63元;加入购书单;购书单;删除;去看电子版,https://book.douban.com/subject/35960168/,女权
在东大和上野千鹤子学“吵架”,[日]遥洋子,2023,7.8,3360,想读;在读;读过;纸质版 31.20元;加入购书单;购书单;删除,https://book.douban.com/subject/36170462/,女权
厭女的資格,凱特·曼恩(Kate Manne)、凯特·曼恩,2021,8.9,175,想读;在读;读过;纸质版 254.00元;加入购书单;购书单;删除,https://book.douban.com/subject/35438516/,女权
蔡澜品女人,蔡澜,2008,7.3,745,想读;在读;读过;纸质版 12.00元;加入购书单;购书单;删除,https://book.douban.com/subject/3003579/,女权
The Penguin Book of Feminist Writing,Hannah Dawson,2021,0.0,10,想读;在读;读过;加入购书单;购书单;删除,https://book.douban.com/subject/35425064/,女权
自行车改变的世界,[英]汉娜·罗斯（Hannah Ross）,2023,8.4,181,想读;在读;读过;纸质版 54.60元;加入购书单;购书单;删除,https://book.douban.com/subject/36096279/,女权
崛起的极客女孩,[美]希瑟·卡伯特、[美]萨曼莎·瓦尔拉芬斯,2021,8.5,108,想读;在读;读过;纸质版 42.99元;加入购书单;购书单;删除,https://book.douban.com/subject/35467461/,女权
人性的，女人性的,[法] 卡特琳·莫里斯,2025,8.6,513,想读;在读;读过;纸质版 57.20元;加入购书单;购书单;删除,https://book.douban.com/subject/36990996/,女权
Bloodchild and Other Stories,[美] 奥克塔维娅·E.巴特勒 (Octavia E. Butler),2005,8.7,161,想读;在读;读过;加入购书单;购书单;删除,https://book.douban.com/subject/1794294/,女权
性别攸关,[美]艾莉森·J.麦格雷戈,2023,8.5,630,想读;在读;读过;纸质版 29.00元;加入购书单;购书单;删除,https://book.douban.com/subject/36478377/,女权
身为女性的选择,[日]上野千鹤子、[日]信田小夜子,2023,8.0,5255,想读;在读;读过;纸质版 22.40元;加入购书单;购书单;删除;去看电子版,https://book.douban.com/subject/36211756/,女权
Men Explain Things To Me,Rebecca Solnit,2020,7.5,286,想读;在读;读过;加入购书单;购书单;删除,https://book.douban.com/subject/26261081/,女权
男人之间,[美] 伊芙·科索夫斯基·赛吉维克,2011,7.8,484,想读;在读;读过;纸质版 304.25元;加入购书单;购书单;删除,https://book.douban.com/subject/6722209/,女权
Feminism,Deborah Cameron、德博拉·卡梅伦,2019,,23,想读;在读;读过;加入购书单;购书单;删除,https://book.douban.com/subject/33452881/,女权
公主之死,李贞德,2023,8.3,6909,想读;在读;读过;纸质版 24.90元;加入购书单;购书单;删除,https://book.douban.com/subject/36197701/,女权
形影不离,[法]西蒙娜·德·波伏瓦,2022,8.3,10714,想读;在读;读过;纸质版 45.00元;加入购书单;购书单;删除;去看电子版,https://book.douban.com/subject/35713872/,女权
神奇女侠秘史,[美] 吉尔•莱波雷 著、[美国] 吉尔·莱波雷,2017,7.8,165,想读;在读;读过;纸质版 34.00元;加入购书单;购书单;删除,https://book.douban.com/subject/27053749/,女权
天空的另一半,尼可拉斯·D.克里斯多夫、雪莉·邓恩 (Nicholas D.Kristof & Sheryl WuDunn)、[美国] 尼可拉斯·D·克里斯多夫,2018,9.1,2825,想读;在读;读过;纸质版 32.06元;加入购书单;购书单;删除,https://book.douban.com/subject/30136374/,女权
成为母亲的自由,[韩] 崔至恩,2023,8.5,359,想读;在读;读过;纸质版 33.37元;加入购书单;购书单;删除,https://book.douban.com/subject/36501707/,女权
Half the Sky,Nicholas D. Kristof、Sheryl WuDunn、雪莉·邓恩、[美国] 尼可拉斯·D·克里斯多夫,2010,9.1,187,想读;在读;读过;加入购书单;购书单;删除,https://book.douban.com/subject/5271385/,女权
性别麻烦,朱迪斯·巴特勒,2009,8.8,2491,想读;在读;读过;纸质版 84.66元;加入购书单;购书单;删除,https://book.douban.com/subject/3339862/,女权
女权主义,[英]简·弗里德曼,2007,7.9,176,想读;在读;读过;纸质版 35.55元;加入购书单;购书单;删除,https://book.douban.com/subject/2308363/,女权
Living a Feminist Life,Sara Ahmed、萨拉·艾哈迈德,2017,9.1,109,想读;在读;读过;纸质版 323.00元;加入购书单;购书单;删除,https://book.douban.com/subject/27039244/,女权
言词而已,（美）麦金农、凯瑟琳·麦金农,2005,8.0,194,想读;在读;读过;纸质版 22.00元;加入购书单;购书单;删除,https://book.douban.com/subject/1053155/,女权
成为主角,陈岚,2019,7.4,360,想读;在读;读过;纸质版 33.80元;加入购书单;购书单;删除,https://book.douban.com/subject/34839267/,女权
完整的女人,格里尔,2011,8.4,47,想读;在读;读过;纸质版 26.20元;加入购书单;购书单;删除,https://book.douban.com/subject/6802695/,女权
女人的一个世纪,德博拉.G.费尔德,2006,7.1,102,想读;在读;读过;纸质版 13.00元;加入购书单;购书单;删除,https://book.douban.com/subject/1967688/,女权
拥抱十年后的自己,Lydia木木,2019,8.3,252,想读;在读;读过;纸质版 35.00元;加入购书单;购书单;删除,https://book.douban.com/subject/34902635/,女权
中国女性的20世纪,[日] 白水纪子,2019,7.6,115,想读;在读;读过;纸质版 23.75元;加入购书单;购书单;删除,https://book.douban.com/subject/30448037/,女权
黑箱：日本之耻,[日] 伊藤诗织,2019,8.9,26736,想读;在读;读过;纸质版 33.60元;加入购书单;购书单;删除;去看电子版,https://book.douban.com/subject/30484795/,女权
房思琪的初恋乐园,林奕含,2018,9.2,421576,想读;在读;读过;纸质版 24.90元;加入购书单;购书单;删除;去看电子版,https://book.douban.com/subject/27614904/,女权
单身女性的时代,[美国] 丽贝卡·特雷斯特,2018,7.8,4656,想读;在读;读过;纸质版 46.00元;加入购书单;购书单;删除,https://book.douban.com/subject/30128172/,女权
黛安·冯芙丝汀宝：我想成为的女人,[美]黛安·冯芙丝汀宝,2017,8.1,209,想读;在读;读过;纸质版 48.60元;加入购书单;购书单;删除,https://book.douban.com/subject/27019309/,女权
爱丽尔,[美] 西尔维娅·普拉斯,2019,8.2,1899,想读;在读;读过;纸质版 31.00元;加入购书单;购书单;删除;去看电子版,https://book.douban.com/subject/34661994/,女权
女权主义理论读本,(美)佩吉·麦克拉肯、艾晓明、柯倩婷,2007,8.5,321,想读;在读;读过;纸质版 36.00元;加入购书单;购书单;删除,https://book.douban.com/subject/1979107/,女权
N号房追踪记,[韩]追踪团火花,2022,8.1,8362,想读;在读;读过;纸质版 38.99元;加入购书单;购书单;删除;去看电子版,https://book.douban.com/subject/35719485/,女权
回归家庭?,[英]沙尼·奥加德,2021,8.4,1331,想读;在读;读过;纸质版 44.20元;加入购书单;购书单;删除;去看电子版,https://book.douban.com/subject/35347054/,女权
第二性,西蒙.德.波娃(Simone de Beauvoir),2013,9.6,3206,想读;在读;读过;纸质版 280.00元;加入购书单;购书单;删除,https://book.douban.com/subject/25712807/,女权
导读波伏瓦,(英)厄苏拉·提德,2014,8.1,220,想读;在读;读过;纸质版 14.00元;加入购书单;购书单;删除,https://book.douban.com/subject/25928733/,女权
The Testaments,[加拿大] 玛格丽特·阿特伍德,2019,8.3,466,想读;在读;读过;纸质版 146.00元;加入购书单;购书单;删除,https://book.douban.com/subject/30405066/,女权
纏足幽靈,馬思恩(Shirley See Yan Ma)、马思恩,2015,9.5,59,想读;在读;读过;加入购书单;购书单;删除,https://book.douban.com/subject/26374177/,女权
女性贫困,[日] NHK特别节目录制组,2017,7.8,14669,想读;在读;读过;纸质版 29.93元;加入购书单;购书单;删除;去看电子版,https://book.douban.com/subject/27111185/,女权
中国女性的感情与性,李银河,2021,7.6,710,想读;在读;读过;纸质版 26.99元;加入购书单;购书单;删除;去看电子版,https://book.douban.com/subject/35340071/,女权
倖存的女孩,娜迪雅‧穆拉德( Nadia Murad)、珍娜‧克拉耶斯基(Jenna Krajeski)、娜迪亚·穆拉德,2018,8.1,238,想读;在读;读过;纸质版 89.00元;加入购书单;购书单;删除,https://book.douban.com/subject/30188231/,女权
激情的政治,贝尔·胡克斯,2008,8.5,442,想读;在读;读过;纸质版 36.75元;加入购书单;购书单;删除,https://book.douban.com/subject/3092437/,女权
巴黎评论·女性作家访谈,美国《巴黎评论》编辑部 编,2021,8.7,6820,想读;在读;读过;纸质版 32.50元;加入购书单;购书单;删除;去看电子版,https://book.douban.com/subject/34983889/,女权
两性,[法]安托瓦内特·福克,2019,8.1,88,想读;在读;读过;纸质版 63.24元;加入购书单;购书单;删除,https://book.douban.com/subject/30441541/,女权
Brotopia,Emily Chang、张秀春,2018,7.3,47,想读;在读;读过;加入购书单;购书单;删除,https://book.douban.com/subject/27622130/,女权
记忆的性别,[美] 贺萧（Gail Hershatter）、贺萧,2017,9.4,3430,想读;在读;读过;纸质版 57.20元;加入购书单;购书单;删除,https://book.douban.com/subject/27030380/,女权
“女巫”,[法]莫娜·肖莱,2022,8.5,2240,想读;在读;读过;纸质版 29.00元;加入购书单;购书单;删除,https://book.douban.com/subject/36106589/,女权
成为母亲的选择,[以]奥娜·多纳特,2022,8.2,5100,想读;在读;读过;纸质版 29.00元;加入购书单;购书单;删除;去看电子版,https://book.douban.com/subject/35687473/,女权
醒来的女性,[美] 玛丽莲·弗伦奇,2020,8.9,114,想读;在读;读过;纸质版 118.00元;加入购书单;购书单;删除;去看电子版,https://book.douban.com/subject/35231610/,女权
以身饲龙,葛巾,2019,7.2,445,想读;在读;读过;纸质版 25.10元;加入购书单;购书单;删除,https://book.douban.com/subject/33452954/,女权
海蒂性学报告：女人篇,[美]雪儿·海蒂,2016,8.1,1346,想读;在读;读过;纸质版 25.00元;加入购书单;购书单;删除,https://book.douban.com/subject/26864201/,女权
性、謊言、吹哨者,Jodi Kantor、Megan Twohey,2021,8.4,37,想读;在读;读过;纸质版 120.00元;加入购书单;购书单;删除,https://book.douban.com/subject/35293934/,女权
男性的衰落,[英]格雷森·佩里（Grayson Perry）,2020,7.7,3694,想读;在读;读过;纸质版 29.50元;加入购书单;购书单;删除;去看电子版,https://book.douban.com/subject/35016930/,女权
对女性的恐惧,[意]西尔维娅·费代里奇,2023,8.7,1678,想读;在读;读过;纸质版 48.75元;加入购书单;购书单;删除;去看电子版,https://book.douban.com/subject/36393594/,女权
海蒂性学报告：男人篇,[美]雪儿•海蒂,2016,7.5,645,想读;在读;读过;纸质版 115.00元;加入购书单;购书单;删除,https://book.douban.com/subject/26864207/,女权
The Gender Knot,Allan Johnson、艾伦·约翰逊,2014,9.8,81,想读;在读;读过;加入购书单;购书单;删除,https://book.douban.com/subject/26862152/,女权
Sister Outsider,Audre Lorde,2007,9.0,170,想读;在读;读过;加入购书单;购书单;删除,https://book.douban.com/subject/2473998/,女权
灿烂千阳,[美] 卡勒德·胡赛尼,2007,8.9,133656,想读;在读;读过;纸质版 22.90元;加入购书单;购书单;删除;去看电子版,https://book.douban.com/subject/2143732/,女权
性别化的人生,朱丽亚·T.伍德,2005,8.1,219,想读;在读;读过;纸质版 25.50元;加入购书单;购书单;删除,https://book.douban.com/subject/1450872/,女权
萨德式女人,[英]安吉拉·卡特,2021,8.4,2917,想读;在读;读过;纸质版 30.99元;加入购书单;购书单;删除,https://book.douban.com/subject/35490024/,女权
家庭、私有制和国家的起源,[德] 弗里德里希·恩格斯,2018,9.5,8056,想读;在读;读过;纸质版 29.25元;加入购书单;购书单;删除,https://book.douban.com/subject/27194805/,女权
媒介·权力·性别：新中国女性媒介形象变迁与性别平等,王蕾,2018,7.6,296,想读;在读;读过;加入购书单;购书单;删除;去看电子版,https://book.douban.com/subject/30723690/,女权
使女的故事,瑪格麗特．愛特伍,2017,8.4,117,想读;在读;读过;纸质版 89.00元;加入购书单;购书单;删除,https://book.douban.com/subject/27043526/,女权
一间自己的房间,[英]弗吉尼亚·伍尔夫,2014,8.6,4958,想读;在读;读过;纸质版 19.50元;加入购书单;购书单;删除;去看电子版,https://book.douban.com/subject/25844144/,女权
妇女与国际人权法（第一卷）,[美] 凯利·D. 阿斯金、[美] 多萝安·M. 科尼格 编,2007,8.9,12,想读;在读;读过;纸质版 30.92元;加入购书单;购书单;删除,https://book.douban.com/subject/2046727/,女权
金斯伯格访谈录,（美）杰弗里·罗森,2021,8.6,1377,想读;在读;读过;纸质版 41.30元;加入购书单;购书单;删除;去看电子版,https://book.douban.com/subject/35600911/,女权
Beauty and Misogyny,Sheila Jeffreys,2005,9.4,102,想读;在读;读过;加入购书单;购书单;删除,https://book.douban.com/subject/2841071/,女权
The Argonauts,Maggie Nelson,2015,9.0,157,想读;在读;读过;加入购书单;购书单;删除,https://book.douban.com/subject/26373984/,女权
女性主義理論與流變（完整修訂版）,顧燕翎（主編）,2020,8.9,120,想读;在读;读过;加入购书单;购书单;删除,https://book.douban.com/subject/35029933/,女权
女权主义理论与文学实践,Deborah L.Madsen,2006,8.2,25,想读;在读;读过;纸质版 23.50元;加入购书单;购书单;删除,https://book.douban.com/subject/1888869/,女权
